,name,id,desc,loc,Particulate Matter,Particulate Matter_unit,Climate change,Climate change_unit,Acidification,Acidification_unit,"Ecotoxicity, freshwater","Ecotoxicity, freshwater_unit","Eutrophication, freshwater","Eutrophication, freshwater_unit","Resource use, fossils","Resource use, fossils_unit",Water use,Water use_unit,Eutrophication marine,Eutrophication marine_unit,"Eutrophication, terrestrial ","Eutrophication, terrestrial _unit",Land use,Land use_unit,Ozone depletion,Ozone depletion_unit,"Resource use, minerals and metals","Resource use, minerals and metals_unit",Climate change-Biogenic,Climate change-Biogenic_unit,"Human toxicity, non-cancer","Human toxicity, non-cancer_unit",Photochemical ozone formation - human health,Photochemical ozone formation - human health_unit,"Human toxicity, cancer","Human toxicity, cancer_unit","Ionising radiation, human health","Ionising radiation, human health_unit",Climate change-Fossil,Climate change-Fossil_unit,Climate change-Land use and land use change,Climate change-Land use and land use change_unit
0,"Electricity grid mix 1kV-60kV, consumption mix, to consumer, AC, technology mix, 1kV - 60kV",ff4d447d-8f5d-417a-a215-da593cb99e65,,SK,2.047385518737065e-08,Item(s),0.46331358564971803,kg,0.0024407988988450658,mol,0.02316593684521156,Item(s),9.172834979128284e-07,kg,9.207101427048057,MJ,-0.002601244402776315,m3,0.000298839638080262,kg,0.003147714871826602,mol,3.4374390785794655,Item(s),2.6078778404359713e-12,kg,9.557219792506697e-08,kg,0.000890199808658592,kg,1.2239278946788605e-08,Item(s),0.0009053808601923482,kg,3.5318142368241823e-10,Item(s),0.11727994150971154,kBq,0.46208955823869613,kg,0.00033382760236329886,kg
1,"Electricity grid mix 1kV-60kV, consumption mix, to consumer, AC, technology mix, 1kV - 60kV",fc08b935-804b-464e-b58d-13015120b312,,CA,8.239441086798216e-09,Item(s),0.19336941576277408,kg,0.0011577326123493746,mol,0.12130101407400463,Item(s),2.5885650452272007e-07,kg,3.8484984432125557,MJ,0.07491158185241546,m3,0.00013975189880137648,kg,0.0014976012563406899,mol,0.8956928662297255,Item(s),6.55599129757384e-11,kg,1.0291859031778349e-07,kg,0.00011538675692502342,kg,6.924779991282076e-09,Item(s),0.0004195553253712631,kg,1.1323591686274987e-08,Item(s),0.050613072162131525,kBq,0.1931923358255019,kg,6.169318034716649e-05,kg
2,"Electricity grid mix 1kV-60kV, consumption mix, to consumer, AC, technology mix, 1kV - 60kV",f835dbd6-8271-462c-8e38-1ab2d9183f71,,BG,7.845074521653726e-08,Item(s),0.7386001936084793,kg,0.008082169873287987,mol,0.03701686497579001,Item(s),7.978177003835988e-08,kg,10.813572532175428,MJ,0.11086992195940198,m3,0.0004996801393144422,kg,0.005253701026349682,mol,0.1719810007240783,Item(s),6.641993629568089e-12,kg,1.0351998116012782e-07,kg,2.3800475360037346e-05,kg,2.5846685353544943e-08,Item(s),0.0017247613655070946,kg,6.417833517920396e-10,Item(s),0.09708846287141,kBq,0.7385372738028373,kg,3.911933028205821e-05,kg
3,"Electricity grid mix 1kV-60kV, consumption mix, to consumer, AC, technology mix, 1kV - 60kV",f3a69b46-8e75-48ab-92ed-d4e272ac3044,,KR,7.570388268376282e-09,Item(s),0.6338346741672226,kg,0.0009969171262933358,mol,0.023654392382337932,Item(s),1.194198665990991e-07,kg,10.157066261818507,MJ,0.00022567999495592787,m3,0.0002799674276619312,kg,0.0030377367405089095,mol,0.2562406157184912,Item(s),1.1943078776681508e-10,kg,1.72588123426516e-08,kg,0.0001147337603099907,kg,5.5849097076783266e-09,Item(s),0.000823919991109523,kg,1.085071016454165e-09,Item(s),0.08918259407031656,kBq,0.6336588175785267,kg,6.112282838594185e-05,kg
4,"Electricity grid mix 1kV-60kV, consumption mix, to consumer, AC, technology mix, 1kV - 60kV",e031c290-7902-41e6-9974-383334136a5b,,IT,7.335547297202924e-09,Item(s),0.4837777998199578,kg,0.0008996298988141697,mol,0.014880637943744966,Item(s),1.409263914375983e-06,kg,6.6250765404011585,MJ,0.1439663676341496,m3,0.00020788108696656967,kg,0.0022124115055100254,mol,3.7746299324339,Item(s),4.61507352645959e-11,kg,2.3723825859797827e-07,kg,0.002259579953032171,kg,1.1009401475340052e-09,Item(s),0.0006188406526742672,kg,5.262800188042828e-10,Item(s),0.04445962777455989,kBq,0.480785962485173,kg,0.0007322573817525821,kg
5,"Electricity grid mix 1kV-60kV, consumption mix, to consumer, AC, technology mix, 1kV - 60kV",d846e35f-1d13-4e67-9985-73afd331120f,,ZA,1.4009695745555493e-07,Item(s),1.200369074765656,kg,0.01418010950963871,mol,0.03018668904246084,Item(s),1.2965339613198786e-07,kg,11.935306283434082,MJ,0.12277768535074794,m3,0.0017793859423138403,kg,0.019465320199713542,mol,0.32458353509052246,Item(s),2.2529102132348488e-11,kg,5.531665726173309e-09,kg,3.313306903081632e-05,kg,3.280487798775276e-08,Item(s),0.0053151064695644845,kg,7.415458235298031e-10,Item(s),0.01692128743162409,kBq,1.2002182054854424,kg,0.00011773621118299396,kg
6,"Electricity grid mix 1kV-60kV, consumption mix, to consumer, AC, technology mix, 1kV - 60kV",cd103922-0039-4e74-9bbd-490abf0e1943,,IN,4.4122966005832386e-07,Item(s),1.227377461209525,kg,0.0162201927448268,mol,0.12210782449721216,Item(s),5.772325477148793e-07,kg,12.733155284627166,MJ,0.14520759654345014,m3,0.0017854038252262082,kg,0.019678748102093985,mol,0.5116493239846791,Item(s),1.3525335605582382e-11,kg,5.0202663846815867e-08,kg,0.00020221157942097503,kg,9.205150348663621e-08,Item(s),0.0054986663486448345,kg,1.4845942912682466e-09,Item(s),0.012321470286463684,kBq,1.2259750526618698,kg,0.0012001969682341968,kg
7,"Electricity grid mix 1kV-60kV, consumption mix, to consumer, AC, technology mix, 1kV - 60kV",ccb551d2-6989-47af-a9f0-fd4d1d9d0d90,,JP,8.669686292552008e-09,Item(s),0.6517850890660242,kg,0.0013270562750750234,mol,0.1185211369211783,Item(s),4.052902383583151e-07,kg,8.481387038548297,MJ,0.014164633298906453,m3,0.0003068316338319828,kg,0.0033338578104552927,mol,2.004137457699101,Item(s),6.906640595978429e-12,kg,4.6892751317696335e-08,kg,2.4149932083009576e-05,kg,8.926409769319347e-09,Item(s),0.0009604061025905192,kg,1.0328057788133208e-08,Item(s),0.012465651578442,kBq,0.6516963025009096,kg,6.463663303165086e-05,kg
8,"Electricity grid mix 1kV-60kV, consumption mix, to consumer, AC, technology mix, 1kV - 60kV",b8dc5183-2d07-4377-b5b2-d9374ae5a084,,AU,9.234099139505069e-08,Item(s),0.9454024580266079,kg,0.004869988223784474,mol,0.3435742201371564,Item(s),4.796865527449987e-07,kg,10.583349613566144,MJ,0.34658389984180116,m3,0.0009782620747991301,kg,0.01069336357722374,mol,1.347287932836226,Item(s),9.699506977382396e-14,kg,4.0973834829820245e-08,kg,0.0007015557293599354,kg,2.352565774861694e-08,Item(s),0.0027326505509714847,kg,3.105338772637301e-08,Item(s),0.00015894459511563096,kBq,0.9444473992738993,kg,0.00025350302334863404,kg
9,"Electricity grid mix 1kV-60kV, consumption mix, to consumer, AC, technology mix, 1kV - 60kV",b8d76497-d392-4d90-a2ac-4ee3e2df2946,,ES,1.2331450945800064e-08,Item(s),0.4100006241802029,kg,0.0012951898294698114,mol,0.016657573775229233,Item(s),3.7962185422672627e-07,kg,6.8786026177413895,MJ,0.3074879395801511,m3,0.0002884892696160658,kg,0.003112972418587413,mol,1.329596479390022,Item(s),8.690503814487419e-11,kg,1.5630619970773367e-07,kg,0.000354909944610797,kg,6.738497397452189e-09,Item(s),0.0008566808288712239,kg,3.9796169342755865e-10,Item(s),0.07805390423714674,kBq,0.4095075939021145,kg,0.0001381203334775728,kg
10,"Electricity grid mix 1kV-60kV, consumption mix, to consumer, AC, technology mix, 1kV - 60kV",afa958d8-182c-4481-b81c-e2cbdb638930,,SE,1.4097649039311943e-09,Item(s),0.04171185918985874,kg,0.00013728175839100674,mol,0.013838939100782788,Item(s),8.150111630859665e-07,kg,3.808147032688837,MJ,0.037807829880977334,m3,4.7938913793606695e-05,kg,0.0004180642696398549,mol,2.9446843525928044,Item(s),1.9116749214678553e-12,kg,8.892327053309179e-08,kg,6.0929704778164505e-05,kg,7.260616314012921e-09,Item(s),0.00010341039225288111,kg,7.530321979154955e-11,Item(s),0.171573142600319,kBq,0.0415405674535269,kg,0.00011036203155367955,kg
11,"Electricity grid mix 1kV-60kV, consumption mix, to consumer, AC, technology mix, 1kV - 60kV",ad9119f2-914d-4ce7-be23-991ef363bdee,,CY,5.108992754127375e-08,Item(s),0.8728697749770655,kg,0.00608329065021268,mol,0.21368608057281627,Item(s),4.878678569417884e-07,kg,10.715884995393141,MJ,0.06528893834737746,m3,0.0005216331453527165,kg,0.005731596138995668,mol,0.8002094131163159,Item(s),1.863222844283291e-13,kg,6.047190198038553e-08,kg,0.0005924175448515196,kg,1.8922294688171303e-08,Item(s),0.001817491910857467,kg,4.806835214761248e-09,Item(s),0.00034269658561572727,kBq,0.8720801649526251,kg,0.00019719247958894476,kg
12,"Electricity grid mix 1kV-60kV, consumption mix, to consumer, AC, technology mix, 1kV - 60kV",acbb0221-f07d-43a5-931e-d4f4235594a6,,LV,4.196542958585571e-08,Item(s),0.6202701697878366,kg,0.002165833047888665,mol,0.02510512211836257,Item(s),1.2099548528476326e-06,kg,7.242936135857672,MJ,0.010089633132126796,m3,0.00032872441972329054,kg,0.003488653381203182,mol,3.869545737050187,Item(s),2.670978895813812e-13,kg,1.1004210116117745e-07,kg,0.0016531971025902914,kg,1.3732091693996596e-08,Item(s),0.0009818410134759656,kg,4.752653959310769e-10,Item(s),0.010428827239132032,kBq,0.6180551948649934,kg,0.000561777820252815,kg
13,"Electricity grid mix 1kV-60kV, consumption mix, to consumer, AC, technology mix, 1kV - 60kV",acb349aa-8398-489f-93bc-e1b5286ca042,,SI,1.3144367710008387e-08,Item(s),0.43709672799648386,kg,0.0013940551503966783,mol,0.017831759906036887,Item(s),8.020726451855957e-07,kg,7.037212668800336,MJ,-0.0007566543916741608,m3,0.00027992079039867963,kg,0.002953319093270388,mol,2.476153166555126,Item(s),2.4208597247238546e-12,kg,1.258159867222749e-07,kg,0.0009916519992275693,kg,1.1291719413744464e-08,Item(s),0.00076910984981316,kg,2.7429261597800124e-10,Item(s),0.07222160468612127,kBq,0.43576086260240343,kg,0.0003442133948528203,kg
14,"Electricity grid mix 1kV-60kV, consumption mix, to consumer, AC, technology mix, 1kV - 60kV",a71e316a-04e6-48b7-8b76-69fc214c6d5a,,CZ,1.972212005702384e-08,Item(s),0.7017274072116021,kg,0.0021177932392398967,mol,0.01962772964561462,Item(s),1.1064947684855485e-06,kg,10.065154561820794,MJ,-0.0020829453648101444,m3,0.0004060400286688737,kg,0.004286824432185597,mol,3.559490173837257,Item(s),2.2847022964184956e-12,kg,1.1714533684833793e-07,kg,0.0014454464074017794,kg,1.6927067267680406e-08,Item(s),0.0011430930556711478,kg,3.68869605432521e-10,Item(s),0.08286164813770817,kBq,0.6997903227138877,kg,0.0004916380903125996,kg
15,"Electricity grid mix 1kV-60kV, consumption mix, to consumer, AC, technology mix, 1kV - 60kV",9c7a1364-5a69-483e-b15f-5f6a14e757ce,,HR,3.735390733133218e-08,Item(s),0.5184778139694716,kg,0.0038662337256709467,mol,0.03971993882567944,Item(s),6.605982374126209e-07,kg,7.400335496274263,MJ,0.0098467729294609,m3,0.00038334610398089997,kg,0.004113030705221517,mol,1.8622428245698337,Item(s),1.3472828468573683e-12,kg,1.109108172808605e-07,kg,0.0005848860630326883,kg,1.4956969848868666e-08,Item(s),0.0012115634488502267,kg,4.448479508615973e-10,Item(s),0.04802523611681453,kBq,0.5176611894994284,kg,0.0002317384070104342,kg
16,"Electricity grid mix 1kV-60kV, consumption mix, to consumer, AC, technology mix, 1kV - 60kV",9bf9733e-87bb-4678-a23f-d749c618f389,,HU,2.1314872637766415e-08,Item(s),0.46419603553353667,kg,0.0018067890425898518,mol,0.024902389519048083,Item(s),1.0887853661738447e-06,kg,9.469165215645464,MJ,0.002325650497468204,m3,0.0003069455504756265,kg,0.003194029823450827,mol,3.18025398488554,Item(s),2.309704438441442e-12,kg,5.864633912709292e-08,kg,0.0007188438105786188,kg,1.5958230180994507e-08,Item(s),0.0008753128596609957,kg,3.365692840616417e-10,Item(s),0.11571682657536618,kBq,0.4631649241580113,kg,0.0003122675649467835,kg
17,"Electricity grid mix 1kV-60kV, consumption mix, to consumer, AC, technology mix, 1kV - 60kV",9b9aaf8d-fa1f-4d11-a500-a947753757bd,,IE,1.9674208140695592e-08,Item(s),0.5907520099995165,kg,0.001059056403520031,mol,0.017039602399025595,Item(s),1.205154699960359e-07,kg,7.225263177435594,MJ,0.004739216593916559,m3,0.00023393945799921848,kg,0.002568111104616215,mol,0.1792270347464946,Item(s),6.441044093116671e-13,kg,6.29001565981718e-08,kg,0.001528771420717803,kg,9.347865431203597e-09,Item(s),0.0006745051930768308,kg,3.77175126284542e-10,Item(s),0.0030257137442338987,kBq,0.5891943669470677,kg,2.8871631730947202e-05,kg
18,"Electricity grid mix 1kV-60kV, consumption mix, to consumer, AC, technology mix, 1kV - 60kV",99fb7b5a-b681-40ea-9ccb-7b54b336d23c,,DE,7.908522054513622e-09,Item(s),0.5973119358270753,kg,0.0009571621684577938,mol,0.013475119981974959,Item(s),2.0860173417968303e-06,kg,7.577882204028587,MJ,0.002806052231193068,m3,0.00026371672518712264,kg,0.0027359553984993477,mol,5.7484006735097495,Item(s),1.8890568638835962e-11,kg,2.461952259255226e-07,kg,0.0032625988049869562,kg,7.746854377912984e-09,Item(s),0.0006752223576937552,kg,3.960437658930158e-10,Item(s),0.06882485471097942,kBq,0.5929771006602871,kg,0.0010722363618012193,kg
19,"Electricity grid mix 1kV-60kV, consumption mix, to consumer, AC, technology mix, 1kV - 60kV",976a4c46-d2e5-4607-838a-4138e9a6c470,,RU,5.992823354973013e-08,Item(s),0.6326032044582451,kg,0.004492333409370341,mol,0.04802316574074737,Item(s),3.475332750725386e-08,kg,10.612932900277862,MJ,0.04523819643745819,m3,0.0007116521819812135,kg,0.0077876216965918925,mol,0.05225932682048057,Item(s),8.752212596314563e-13,kg,5.605349918479822e-08,kg,1.020546724532217e-05,kg,1.3735584249627192e-08,Item(s),0.0021325913872288827,kg,6.006340549006364e-10,Item(s),0.044967390991081053,kBq,0.6325680821372403,kg,2.491685375958244e-05,kg
20,"Electricity grid mix 1kV-60kV, consumption mix, to consumer, AC, technology mix, 1kV - 60kV",89508cf6-af21-402a-84b3-ee2b81ed4a9b,,IS,9.07513531187711e-11,Item(s),0.020867811254495487,kg,7.832184093386803e-06,mol,0.00037097846743180523,Item(s),2.3651512669768897e-09,kg,0.015262312203409815,MJ,0.11274179713456309,m3,1.8731359709311818e-06,kg,2.0765221148133035e-05,mol,0.002636218567042076,Item(s),8.02613148922898e-15,kg,7.777063501536063e-08,kg,1.0098756610417617e-06,kg,1.0834403283789852e-10,Item(s),5.850854741698511e-06,kg,4.592732769566445e-12,Item(s),5.96620378672602e-05,kBq,0.02086529915849906,kg,1.5022203353836097e-06,kg
21,"Electricity grid mix 1kV-60kV, consumption mix, to consumer, AC, technology mix, 1kV - 60kV",8233263a-bf2e-416e-97a4-7f632248075a,,CN,5.114962760565831e-07,Item(s),0.957912591511591,kg,0.004642515070727082,mol,0.3710495101135787,Item(s),2.1282237585841178e-07,kg,9.541765739061375,MJ,0.26859344746569136,m3,0.0007549513679968369,kg,0.008241550968398619,mol,0.2128327412399454,Item(s),1.9716049429252895e-13,kg,4.230874796206277e-08,kg,3.5399771844984056e-05,kg,1.2087677287105493e-07,Item(s),0.002287129106389866,kg,6.267459968409615e-09,Item(s),0.0054997562622820535,kBq,0.9574614993687666,kg,0.00041569237097944004,kg
22,"Electricity grid mix 1kV-60kV, consumption mix, to consumer, AC, technology mix, 1kV - 60kV",7fee810e-60a8-4d1b-819d-f73338ce950d,,RO,7.602236982923969e-08,Item(s),0.5894114102317867,kg,0.005616898865320588,mol,0.028143245691045603,Item(s),9.407746180917556e-08,kg,8.743692102069378,MJ,0.05805513946839867,m3,0.00041838144648605874,kg,0.00454472744787547,mol,0.31390915127772895,Item(s),8.321074306566288e-11,kg,5.7398822612406594e-08,kg,5.242052439652708e-05,kg,2.6764067912060383e-08,Item(s),0.0014043000422716977,kg,5.28179834663554e-10,Item(s),0.08225451445016885,kBq,0.5893290024099337,kg,2.9987297456420893e-05,kg
23,"Electricity grid mix 1kV-60kV, consumption mix, to consumer, AC, technology mix, 1kV - 60kV",7909aeb1-8e60-49ae-93b1-5436d8064dcc,,CL,1.2858800891275526e-07,Item(s),0.6029525303069923,kg,0.007531058563090837,mol,0.23535476702431285,Item(s),1.0472362810189938e-06,kg,6.950622074866678,MJ,0.8077894984210339,m3,0.0007525747997230046,kg,0.007842142395072563,mol,1.4479624485441747,Item(s),1.5735827400502003e-13,kg,6.612331283194418e-08,kg,0.000325291927914718,kg,3.854756998450591e-08,Item(s),0.002309811443516283,kg,1.6139018674509642e-09,Item(s),0.00017311353306618567,kBq,0.6000299789036014,kg,0.0025972594754760563,kg
24,"Electricity grid mix 1kV-60kV, consumption mix, to consumer, AC, technology mix, 1kV - 60kV",77321975-793b-433d-a2ac-1ff2398c5ae7,,AR,4.630380476876994e-08,Item(s),0.48927558218204786,kg,0.004918686386983527,mol,0.31773813625502645,Item(s),6.622563482228889e-07,kg,7.564069691707511,MJ,0.42306977466262113,m3,0.0005168807469104354,kg,0.005401782127295952,mol,0.9142543178779884,Item(s),2.1472693442997134e-11,kg,6.204902674338631e-08,kg,0.00021265179830491155,kg,1.173003375620738e-08,Item(s),0.0016058876512995868,kg,1.5029028490124052e-09,Item(s),0.01278043221973287,kBq,0.4873829398329599,kg,0.001679990550783095,kg
25,"Electricity grid mix 1kV-60kV, consumption mix, to consumer, AC, technology mix, 1kV - 60kV",646d61ac-1d33-4c2c-bc11-89dd1c829d1e,,PL,3.906343956573201e-08,Item(s),1.0022912434486708,kg,0.003863648043808623,mol,0.02669311557537152,Item(s),9.662131083499134e-07,kg,9.622731812321335,MJ,0.011028613896247735,m3,0.000605843771746981,kg,0.006467303041961897,mol,4.418485994405332,Item(s),9.479037688632516e-13,kg,3.369586423360191e-08,kg,0.00048595397796756984,kg,3.0222653120309884e-08,Item(s),0.0017583742363809695,kg,5.189131395125272e-10,Item(s),0.007112211392084116,kBq,1.0015557458788702,kg,0.0002495435918328994,kg
26,"Electricity grid mix 1kV-60kV, consumption mix, to consumer, AC, technology mix, 1kV - 60kV",622bb1f5-13a0-472f-a86e-0ab6482fd52e,,BR,1.9670098125423462e-08,Item(s),0.25686020683038235,kg,0.001607899737789529,mol,0.09019525288535277,Item(s),1.2561528975418365e-06,kg,1.8789744837498108,MJ,0.18440915752890283,m3,0.0002177467770469914,kg,0.0020550417624573404,mol,1.7995604866975645,Item(s),1.246237595722001e-11,kg,9.921221176167266e-08,kg,0.00046949307024483217,kg,9.295216940259528e-09,Item(s),0.0005753423718130347,kg,7.751193545623183e-10,Item(s),0.007435861979555221,kBq,0.253175099998496,kg,0.0032156137616414634,kg
27,"Electricity grid mix 1kV-60kV, consumption mix, to consumer, AC, technology mix, 1kV - 60kV",59bc1a7a-de23-4803-bd43-692d4e122ba7,,CH,2.4973937986891112e-09,Item(s),0.1481399685598865,kg,0.0002966120187578421,mol,0.009599804490509595,Item(s),6.587843947471611e-07,kg,5.15483972851127,MJ,0.012130378696695865,m3,8.308233511959362e-05,kg,0.0008542717957685949,mol,1.9306982732594322,Item(s),1.913659717208161e-10,kg,1.373346264758213e-07,kg,0.0008998700712678877,kg,2.7294137021134493e-09,Item(s),0.00021088037451116875,kg,1.952943209061536e-10,Item(s),0.18299133198242334,kBq,0.1469367262899455,kg,0.00030337219867309696,kg
28,"Electricity grid mix 1kV-60kV, consumption mix, to consumer, AC, technology mix, 1kV - 60kV",442c300d-83a9-49f5-90f7-2ae563022fe3,,GB,1.49743176253815e-08,Item(s),0.5508679554633866,kg,0.0017828859458539003,mol,0.014656464629568076,Item(s),2.3731943519596112e-07,kg,8.584269504961087,MJ,0.004582033290799585,m3,0.00039323876937986946,kg,0.0042706601183151414,mol,0.4253670959881062,Item(s),1.8374031625816172e-11,kg,3.8147205362131354e-08,kg,0.003900349018346518,kg,1.2825923013328906e-08,Item(s),0.0011111416497845109,kg,3.146008709390399e-10,Item(s),0.09524938252976284,kBq,0.5469187987761804,kg,4.880766885980267e-05,kg
29,"Electricity grid mix 1kV-60kV, consumption mix, to consumer, AC, technology mix, 1kV - 60kV",43af5012-50d3-4db2-9651-b860ab8ca5a5,,EE,9.9879534191001e-08,Item(s),1.2595804309658394,kg,0.004205603989493691,mol,0.053245600129578644,Item(s),7.191879533869327e-07,kg,12.187807084331242,MJ,0.01588170802004507,m3,0.0005147215508013878,kg,0.00545126741376916,mol,3.761552292112981,Item(s),2.8284991009504053e-13,kg,3.195876239347739e-08,kg,0.00019678554532185375,kg,4.5218865535364934e-08,Item(s),0.0015681419857402662,kg,1.0329077341363646e-09,Item(s),0.012954305969974846,kBq,1.2592465741273406,kg,0.00013707129317694448,kg
30,"Electricity grid mix 1kV-60kV, consumption mix, to consumer, AC, technology mix, 1kV - 60kV",419505e7-f948-41c3-8f31-b2bd49178324,,LT,3.8634124462225125e-08,Item(s),0.6144730176800131,kg,0.0027742006071644933,mol,0.04765782221613731,Item(s),6.933766429830251e-07,kg,9.098485312455448,MJ,0.026201355667390347,m3,0.00045800833984287464,kg,0.0049587914735811246,mol,2.4386425821399556,Item(s),4.729941019535706e-13,kg,9.86535812126557e-08,kg,0.000772267520926286,kg,1.1242759868499207e-08,Item(s),0.0013920678320339256,kg,5.803667176617705e-10,Item(s),0.02151517884796972,kBq,0.6134131434669916,kg,0.00028760669209519353,kg
31,"Electricity grid mix 1kV-60kV, consumption mix, to consumer, AC, technology mix, 1kV - 60kV",3505b412-8b2f-41c0-9d57-1a07a0fe3f08,,MT,6.363726115432643e-08,Item(s),1.127931225168856,kg,0.007225036835570206,mol,0.2818322097952514,Item(s),2.8113384939932846e-07,kg,13.886713726378602,MJ,0.039357848012661206,m3,0.0009685295829968509,kg,0.010612939068044808,mol,0.19700258120743955,Item(s),9.8732084299461e-13,kg,4.606983933835031e-08,kg,0.00013283919808951223,kg,2.7583989112006085e-08,Item(s),0.003066180247246164,kg,6.606881941059655e-09,Item(s),0.001266976296796856,kBq,1.1277445681856724,kg,5.3817785094173906e-05,kg
32,"Electricity grid mix 1kV-60kV, consumption mix, to consumer, AC, technology mix, 1kV - 60kV",34211c77-659a-4f9e-aef0-dd5bccdf3596,,NZ,9.190732959335413e-09,Item(s),0.2133144571773595,kg,0.001076587245790073,mol,0.0013133309422089835,Item(s),4.876107029048139e-07,kg,2.584577461477256,MJ,0.17974631171674393,m3,0.00023505923419310076,kg,0.0025418249232214006,mol,1.3989024805458863,Item(s),3.638793411533792e-14,kg,7.867339450149085e-08,kg,0.00070250444405832,kg,2.8251755781335287e-10,Item(s),0.0006558939986270141,kg,6.236882149584729e-11,Item(s),7.635934842748824e-05,kBq,0.2123772361320679,kg,0.00023471660123327602,kg
33,"Electricity grid mix 1kV-60kV, consumption mix, to consumer, AC, technology mix, 1kV - 60kV",33e73a05-ceb0-4e48-a680-b7e026f11222,,FR,3.289027981302011e-09,Item(s),0.09332821673460422,kg,0.000331070185673949,mol,0.017420004992913043,Item(s),2.3677348688365388e-07,kg,8.87690594638226,MJ,0.009792846468262728,m3,7.601205917655716e-05,kg,0.000752421911664777,mol,0.6428212662511913,Item(s),7.803637740742164e-10,kg,6.954662415385101e-08,kg,0.00028784891377665894,kg,1.6979695953963988e-09,Item(s),0.0002013899716778207,kg,1.3918293660874255e-10,Item(s),0.7281781945203658,kBq,0.09294380476184108,kg,9.656305898647729e-05,kg
34,"Electricity grid mix 1kV-60kV, consumption mix, to consumer, AC, technology mix, 1kV - 60kV",305a7f71-d27c-40bb-b62f-42c00b68cc11,,LU,5.840978741890712e-09,Item(s),0.5305974128635279,kg,0.0007338524180720714,mol,0.0107719418976722,Item(s),1.608971412436899e-06,kg,7.585200823112961,MJ,0.009065301950582805,m3,0.00021334755551191014,kg,0.0022301700531265635,mol,4.4670463173633825,Item(s),6.82620740996312e-11,kg,2.0877876160324657e-07,kg,0.002469832336927902,kg,5.286242460738356e-09,Item(s),0.0005618422133431419,kg,3.000451591092167e-10,Item(s),0.06404440347150128,kBq,0.5273132871310537,kg,0.0008142933955462245,kg
35,"Electricity grid mix 1kV-60kV, consumption mix, to consumer, AC, technology mix, 1kV - 60kV",2d582839-51d8-4b79-ba69-00def3f999d8,,MY,3.7875281184316083e-08,Item(s),0.8353876320813813,kg,0.0036164372099041185,mol,0.025341645323674725,Item(s),1.459880878774563e-07,kg,9.706900755013574,MJ,0.006915738358227376,m3,0.0010343643551267542,kg,0.011317956695102436,mol,0.10830135382774281,Item(s),5.481727914874658e-14,kg,1.65513264755337e-08,kg,3.382021720464942e-05,kg,1.0774802088764892e-08,Item(s),0.002862644688570089,kg,3.2940677625387905e-10,Item(s),9.576774001835205e-05,kBq,0.8350417976235786,kg,0.00031201424059808296,kg
36,"Electricity grid mix 1kV-60kV, consumption mix, to consumer, AC, technology mix, 1kV - 60kV",28290933-1fb0-42f4-a204-4e41169685a7,,BE,3.188606533903121e-09,Item(s),0.24073259862647992,kg,0.0003974332211244372,mol,0.014821357867540408,Item(s),9.522755540538512e-07,kg,7.9863822020844,MJ,0.001765682081797986,m3,0.00013458511695937572,kg,0.0013767350443227046,mol,3.493439477281163,Item(s),4.832585831614868e-10,kg,1.2471829354462897e-07,kg,0.0007685577022238374,kg,5.476782248691737e-09,Item(s),0.0003562892590750595,kg,1.6858570406025996e-10,Item(s),0.17309671999404322,kBq,0.23966269865052417,kg,0.0003013422737319027,kg
37,"Electricity grid mix 1kV-60kV, consumption mix, to consumer, AC, technology mix, 1kV - 60kV",228597ec-9ee1-41ff-bade-f035904601f1,,FI,1.0460954605931026e-08,Item(s),0.22363816362252384,kg,0.0008220666554939938,mol,0.017076151642144106,Item(s),2.489365247867606e-07,kg,5.560675011806568,MJ,0.014468330843839583,m3,0.00019211436429455065,kg,0.002071105223041483,mol,3.1806568812502585,Item(s),1.8403503113167804e-12,kg,4.983848900922547e-08,kg,0.00015018783027116194,kg,7.692365563479049e-09,Item(s),0.0005516416126385024,kg,2.599435538697976e-10,Item(s),0.13204211006871666,kBq,0.2234040582387141,kg,8.39175535385673e-05,kg
38,"Electricity grid mix 1kV-60kV, consumption mix, to consumer, AC, technology mix, 1kV - 60kV",1fe6ddb4-b23e-42d3-8c51-df9cbe148dce,,NL,5.302630625813078e-09,Item(s),0.507858174529818,kg,0.0006603909249913401,mol,0.014774773389307952,Item(s),1.8967149980397032e-06,kg,6.788059281843705,MJ,0.01784385577931491,m3,0.00022520878976708017,kg,0.002290918768607663,mol,4.505315162799895,Item(s),1.7706841152289526e-11,kg,8.663302462471134e-08,kg,0.0012556347750381945,kg,1.2811022006518345e-08,Item(s),0.0005600542257791256,kg,3.082217626317694e-10,Item(s),0.044694217651228364,kBq,0.5061186752969508,kg,0.0004838644578289693,kg
39,"Electricity grid mix 1kV-60kV, consumption mix, to consumer, AC, technology mix, 1kV - 60kV",15b8595f-a84c-46a8-8d00-58cbd361dc33,,GR,7.635295685807224e-08,Item(s),1.0277077598791362,kg,0.003997414245865681,mol,0.06254302863253121,Item(s),2.56475556506282e-07,kg,9.517147249885866,MJ,0.36123148725978055,m3,0.00047157831589026745,kg,0.005087030229799132,mol,0.5852755173813289,Item(s),7.673527149223412e-13,kg,1.2241257879382544e-07,kg,0.0004058147250710004,kg,4.370714564804239e-08,Item(s),0.001473399042410436,kg,1.2834096299782324e-09,Item(s),0.005080855285991944,kBq,1.0271678274328537,kg,0.00013411772121148393,kg
40,"Electricity grid mix 1kV-60kV, consumption mix, to consumer, AC, technology mix, 1kV - 60kV",0e19c6f5-eb95-4a50-924d-5d1d1a5d91d0,,NO,3.211050920224413e-10,Item(s),0.026386911727590594,kg,2.5231310509523763e-05,mol,0.0007157645638186202,Item(s),5.3723851382929786e-08,kg,0.2632125590357349,MJ,0.02505292476160026,m3,7.575521139974398e-06,kg,7.828819097319562e-05,mol,0.21759605832949008,Item(s),8.738885183359282e-14,kg,1.3083861766794724e-07,kg,1.58026584848458e-05,kg,6.399675504114723e-10,Item(s),1.982892678670709e-05,kg,1.1637908729923453e-11,Item(s),0.004167767365202542,kBq,0.026358871601413418,kg,1.223746769233162e-05,kg
41,"Electricity grid mix 1kV-60kV, consumption mix, to consumer, AC, technology mix, 1kV - 60kV",0c085ce9-ab84-4a2f-be79-22836b0cdb55,,PT,9.309698037057088e-09,Item(s),0.4846424343259668,kg,0.0010576060466465362,mol,0.01902552972882585,Item(s),9.719117061726612e-07,kg,5.97769915562132,MJ,0.2816666729710422,m3,0.0002500625865452906,kg,0.0026523763727554998,mol,5.153414520976522,Item(s),1.7907761316187236e-11,kg,1.416818814892287e-07,kg,0.0005604070161762034,kg,1.0623991445304175e-08,Item(s),0.0007667751311151847,kg,4.858851250099062e-10,Item(s),0.016176063611512456,kBq,0.4838223750661836,kg,0.00025965224360707513,kg
42,"Electricity grid mix 1kV-60kV, consumption mix, to consumer, AC, technology mix, 1kV - 60kV",0af0a6a8-aebc-4eeb-99f8-5ccf2304b99d,,AT,5.842101966348193e-09,Item(s),0.3195951753047088,kg,0.0006722444253043094,mol,0.01014495007812707,Item(s),1.4463150192041434e-06,kg,3.998882804250866,MJ,0.014355776584319933,m3,0.00018701897173530814,kg,0.0019201680673262172,mol,5.169199771260575,Item(s),3.474524115574186e-12,kg,1.8325460668947554e-07,kg,0.001378414920200357,kg,8.110824767781384e-09,Item(s),0.0004857858792630509,kg,2.427504606750595e-10,Item(s),0.020690608913144733,kBq,0.3176973237217416,kg,0.0005194366627668838,kg
43,"Electricity grid mix 1kV-60kV, consumption mix, to consumer, AC, technology mix, 1kV - 60kV",046c49fc-c9ba-4263-aaf0-181f6e8015ea,,DK,4.568623911793965e-09,Item(s),0.30386008256175495,kg,0.00045245031668383076,mol,0.007887975565571715,Item(s),9.290276768283043e-07,kg,3.828130030872476,MJ,0.024692411250408774,m3,0.00013906554738389945,kg,0.001441124398115646,mol,3.739829970255117,Item(s),1.3368351177989238e-12,kg,1.264156259847726e-07,kg,0.0003706353463492312,kg,5.930838784721095e-09,Item(s),0.0003592153538594674,kg,1.8490449980710563e-10,Item(s),0.038708504266232735,kBq,0.30320200473581643,kg,0.000287442479589329,kg
